Nodes,StorageTypes,Period,col3,col4,col5,col6,col7
Austria,HydroPumpStorage,1,3485,https://transparency.entsoe.eu/generation/r2/installedGenerationCapacityAggregation/show,,,
Belgium,HydroPumpStorage,1,1308,,,,HydroPumpStorage
BosniaH,HydroPumpStorage,1,440,Country,Year,Unit,HydroPumpedStorage
Bulgaria,HydroPumpStorage,1,864,Austria,2024,[MW],3485
Croatia,HydroPumpStorage,1,281,Belgium,2024,[MW],1308
CzechR,HydroPumpStorage,1,1172,BosniaH,2024,[MW],440
France,HydroPumpStorage,1,5065,Bulgaria,2024,[MW],864
Germany,HydroPumpStorage,1,9449,Croatia,2024,[MW],281
GreatBrit.,HydroPumpStorage,1,0,CzechR,2024,[MW],1172
Greece,HydroPumpStorage,1,699,Denmark,2024,[MW],0
Hungary,HydroPumpStorage,1,0,Estonia,2024,[MW],0
Ireland,HydroPumpStorage,1,292,Finland,2024,[MW],0
Italy,HydroPumpStorage,1,7256,France,2024,[MW],5065
Lithuania,HydroPumpStorage,1,900,Germany,2024,[MW],9449
Luxemb.,HydroPumpStorage,1,0,Greece,2024,[MW],699
NO1,HydroPumpStorage,1,0,Hungary,2024,[MW],0
NO2,HydroPumpStorage,1,522,Ireland,2024,[MW],292
NO3,HydroPumpStorage,1,60,Italy,2024,[MW],7256
NO4,HydroPumpStorage,1,0,Latvia,2024,[MW],0
NO5,HydroPumpStorage,1,483,Lithuania,2024,[MW],900
Poland,HydroPumpStorage,1,1591,Luxemb.,2024,[MW],0
Portugal,HydroPumpStorage,1,3707,Netherlands,2024,[MW],0
Romania,HydroPumpStorage,1,0,Macedonia,2024,[MW],0
Serbia,HydroPumpStorage,1,642,NO1,2024,[MW],0
Slovakia,HydroPumpStorage,1,0,NO2,2024,[MW],522
Slovenia,HydroPumpStorage,1,180,NO3,2024,[MW],60
Spain,HydroPumpStorage,1,3418,NO4,2024,[MW],0
Sweden,HydroPumpStorage,1,0,NO5,2024,[MW],483
Switzerland,HydroPumpStorage,1,6697,Poland,2024,[MW],1591
Austria,HydroPumpStorage,2,3485,Portugal,2024,[MW],3707
Belgium,HydroPumpStorage,2,1308,Romania,2024,[MW],0
BosniaH,HydroPumpStorage,2,440,Serbia,2024,[MW],642
Bulgaria,HydroPumpStorage,2,864,Slovakia,2024,[MW],0
Croatia,HydroPumpStorage,2,281,Slovenia,2024,[MW],180
CzechR,HydroPumpStorage,2,1172,Spain,2024,[MW],3418
France,HydroPumpStorage,2,5065,Sweden,2024,[MW],0
Germany,HydroPumpStorage,2,9449,Switzerland,2024,[MW],6697
GreatBrit.,HydroPumpStorage,2,0,GreatBrit.,2024,[MW],0
Greece,HydroPumpStorage,2,699,,,,
Hungary,HydroPumpStorage,2,0,,,,
Ireland,HydroPumpStorage,2,292,,,,
Italy,HydroPumpStorage,2,7256,,,,
Lithuania,HydroPumpStorage,2,900,,,,
Luxemb.,HydroPumpStorage,2,0,,,,
NO1,HydroPumpStorage,2,0,,,,
NO2,HydroPumpStorage,2,522,,,,
NO3,HydroPumpStorage,2,60,,,,
NO4,HydroPumpStorage,2,0,,,,
NO5,HydroPumpStorage,2,483,,,,
Poland,HydroPumpStorage,2,1591,,,,
Portugal,HydroPumpStorage,2,3707,,,,
Romania,HydroPumpStorage,2,0,,,,
Serbia,HydroPumpStorage,2,642,,,,
Slovakia,HydroPumpStorage,2,0,,,,
Slovenia,HydroPumpStorage,2,180,,,,
Spain,HydroPumpStorage,2,3418,,,,
Sweden,HydroPumpStorage,2,0,,,,
Switzerland,HydroPumpStorage,2,6697,,,,
Austria,HydroPumpStorage,3,3485,,,,
Belgium,HydroPumpStorage,3,1308,,,,
BosniaH,HydroPumpStorage,3,440,,,,
Bulgaria,HydroPumpStorage,3,864,,,,
Croatia,HydroPumpStorage,3,281,,,,
CzechR,HydroPumpStorage,3,1172,,,,
France,HydroPumpStorage,3,5065,,,,
Germany,HydroPumpStorage,3,9449,,,,
GreatBrit.,HydroPumpStorage,3,0,,,,
Greece,HydroPumpStorage,3,699,,,,
Hungary,HydroPumpStorage,3,0,,,,
Ireland,HydroPumpStorage,3,292,,,,
Italy,HydroPumpStorage,3,7256,,,,
Lithuania,HydroPumpStorage,3,900,,,,
Luxemb.,HydroPumpStorage,3,0,,,,
NO1,HydroPumpStorage,3,0,,,,
NO2,HydroPumpStorage,3,522,,,,
NO3,HydroPumpStorage,3,60,,,,
NO4,HydroPumpStorage,3,0,,,,
NO5,HydroPumpStorage,3,483,,,,
Poland,HydroPumpStorage,3,1591,,,,
Portugal,HydroPumpStorage,3,3707,,,,
Romania,HydroPumpStorage,3,0,,,,
Serbia,HydroPumpStorage,3,642,,,,
Slovakia,HydroPumpStorage,3,0,,,,
Slovenia,HydroPumpStorage,3,180,,,,
Spain,HydroPumpStorage,3,3418,,,,
Sweden,HydroPumpStorage,3,0,,,,
Switzerland,HydroPumpStorage,3,6697,,,,
Austria,HydroPumpStorage,4,3485,,,,
Belgium,HydroPumpStorage,4,1308,,,,
BosniaH,HydroPumpStorage,4,440,,,,
Bulgaria,HydroPumpStorage,4,864,,,,
Croatia,HydroPumpStorage,4,281,,,,
CzechR,HydroPumpStorage,4,1172,,,,
France,HydroPumpStorage,4,5065,,,,
Germany,HydroPumpStorage,4,9449,,,,
GreatBrit.,HydroPumpStorage,4,0,,,,
Greece,HydroPumpStorage,4,699,,,,
Hungary,HydroPumpStorage,4,0,,,,
Ireland,HydroPumpStorage,4,292,,,,
Italy,HydroPumpStorage,4,7256,,,,
Lithuania,HydroPumpStorage,4,900,,,,
Luxemb.,HydroPumpStorage,4,0,,,,
NO1,HydroPumpStorage,4,0,,,,
NO2,HydroPumpStorage,4,522,,,,
NO3,HydroPumpStorage,4,60,,,,
NO4,HydroPumpStorage,4,0,,,,
NO5,HydroPumpStorage,4,483,,,,
Poland,HydroPumpStorage,4,1591,,,,
Portugal,HydroPumpStorage,4,3707,,,,
Romania,HydroPumpStorage,4,0,,,,
Serbia,HydroPumpStorage,4,642,,,,
Slovakia,HydroPumpStorage,4,0,,,,
Slovenia,HydroPumpStorage,4,180,,,,
Spain,HydroPumpStorage,4,3418,,,,
Sweden,HydroPumpStorage,4,0,,,,
Switzerland,HydroPumpStorage,4,6697,,,,
Austria,HydroPumpStorage,5,3485,,,,
Belgium,HydroPumpStorage,5,1308,,,,
BosniaH,HydroPumpStorage,5,440,,,,
Bulgaria,HydroPumpStorage,5,864,,,,
Croatia,HydroPumpStorage,5,281,,,,
CzechR,HydroPumpStorage,5,1172,,,,
France,HydroPumpStorage,5,5065,,,,
Germany,HydroPumpStorage,5,9449,,,,
GreatBrit.,HydroPumpStorage,5,0,,,,
Greece,HydroPumpStorage,5,699,,,,
Hungary,HydroPumpStorage,5,0,,,,
Ireland,HydroPumpStorage,5,292,,,,
Italy,HydroPumpStorage,5,7256,,,,
Lithuania,HydroPumpStorage,5,900,,,,
Luxemb.,HydroPumpStorage,5,0,,,,
NO1,HydroPumpStorage,5,0,,,,
NO2,HydroPumpStorage,5,522,,,,
NO3,HydroPumpStorage,5,60,,,,
NO4,HydroPumpStorage,5,0,,,,
NO5,HydroPumpStorage,5,483,,,,
Poland,HydroPumpStorage,5,1591,,,,
Portugal,HydroPumpStorage,5,3707,,,,
Romania,HydroPumpStorage,5,0,,,,
Serbia,HydroPumpStorage,5,642,,,,
Slovakia,HydroPumpStorage,5,0,,,,
Slovenia,HydroPumpStorage,5,180,,,,
Spain,HydroPumpStorage,5,3418,,,,
Sweden,HydroPumpStorage,5,0,,,,
Switzerland,HydroPumpStorage,5,6697,,,,
Austria,HydroPumpStorage,6,3485,,,,
Belgium,HydroPumpStorage,6,1308,,,,
BosniaH,HydroPumpStorage,6,440,,,,
Bulgaria,HydroPumpStorage,6,864,,,,
Croatia,HydroPumpStorage,6,281,,,,
CzechR,HydroPumpStorage,6,1172,,,,
France,HydroPumpStorage,6,5065,,,,
Germany,HydroPumpStorage,6,9449,,,,
GreatBrit.,HydroPumpStorage,6,0,,,,
Greece,HydroPumpStorage,6,699,,,,
Hungary,HydroPumpStorage,6,0,,,,
Ireland,HydroPumpStorage,6,292,,,,
Italy,HydroPumpStorage,6,7256,,,,
Lithuania,HydroPumpStorage,6,900,,,,
Luxemb.,HydroPumpStorage,6,0,,,,
NO1,HydroPumpStorage,6,0,,,,
NO2,HydroPumpStorage,6,522,,,,
NO3,HydroPumpStorage,6,60,,,,
NO4,HydroPumpStorage,6,0,,,,
NO5,HydroPumpStorage,6,483,,,,
Poland,HydroPumpStorage,6,1591,,,,
Portugal,HydroPumpStorage,6,3707,,,,
Romania,HydroPumpStorage,6,0,,,,
Serbia,HydroPumpStorage,6,642,,,,
Slovakia,HydroPumpStorage,6,0,,,,
Slovenia,HydroPumpStorage,6,180,,,,
Spain,HydroPumpStorage,6,3418,,,,
Sweden,HydroPumpStorage,6,0,,,,
Switzerland,HydroPumpStorage,6,6697,,,,
Austria,HydroPumpStorage,7,3485,,,,
Belgium,HydroPumpStorage,7,1308,,,,
BosniaH,HydroPumpStorage,7,440,,,,
Bulgaria,HydroPumpStorage,7,864,,,,
Croatia,HydroPumpStorage,7,281,,,,
CzechR,HydroPumpStorage,7,1172,,,,
France,HydroPumpStorage,7,5065,,,,
Germany,HydroPumpStorage,7,9449,,,,
GreatBrit.,HydroPumpStorage,7,0,,,,
Greece,HydroPumpStorage,7,699,,,,
Hungary,HydroPumpStorage,7,0,,,,
Ireland,HydroPumpStorage,7,292,,,,
Italy,HydroPumpStorage,7,7256,,,,
Lithuania,HydroPumpStorage,7,900,,,,
Luxemb.,HydroPumpStorage,7,0,,,,
NO1,HydroPumpStorage,7,0,,,,
NO2,HydroPumpStorage,7,522,,,,
NO3,HydroPumpStorage,7,60,,,,
NO4,HydroPumpStorage,7,0,,,,
NO5,HydroPumpStorage,7,483,,,,
Poland,HydroPumpStorage,7,1591,,,,
Portugal,HydroPumpStorage,7,3707,,,,
Romania,HydroPumpStorage,7,0,,,,
Serbia,HydroPumpStorage,7,642,,,,
Slovakia,HydroPumpStorage,7,0,,,,
Slovenia,HydroPumpStorage,7,180,,,,
Spain,HydroPumpStorage,7,3418,,,,
Sweden,HydroPumpStorage,7,0,,,,
Switzerland,HydroPumpStorage,7,6697,,,,
