Node,GeneratorTechnology,generatoReferenceInitialCapacity_in_MW
Austria,IndividualOilBoiler,15420.0
Belgium,IndividualOilBoiler,19530.0
Bulgaria,IndividualOilBoiler,40.0
CzechR,IndividualOilBoiler,100.0
Germany,IndividualOilBoiler,132040.0
France,IndividualOilBoiler,46030.0
GreatBrit.,IndividualOilBoiler,7390.0
Croatia,IndividualOilBoiler,2880.0
Hungary,IndividualOilBoiler,40.0
Ireland,IndividualOilBoiler,4850.0
Luxemb.,IndividualOilBoiler,770.0
Netherlands,IndividualOilBoiler,100.0
Poland,IndividualOilBoiler,9040.0
Romania,IndividualOilBoiler,30.0
Slovenia,IndividualOilBoiler,1080.0
Slovakia,IndividualOilBoiler,10.0
NO1,IndividualOilBoiler,0.0
NO2,IndividualOilBoiler,0.0
NO3,IndividualOilBoiler,0.0
NO4,IndividualOilBoiler,0.0
NO5,IndividualOilBoiler,0.0
Austria,IndividualGasBoiler,9320.0
Belgium,IndividualGasBoiler,28390.0
Bulgaria,IndividualGasBoiler,160.0
CzechR,IndividualGasBoiler,9260.0
Germany,IndividualGasBoiler,131090.0
France,IndividualGasBoiler,76850.0
GreatBrit.,IndividualGasBoiler,160490.0
Croatia,IndividualGasBoiler,8390.0
Hungary,IndividualGasBoiler,21210.0
Ireland,IndividualGasBoiler,4320.0
Luxemb.,IndividualGasBoiler,790.0
Netherlands,IndividualGasBoiler,81410.0
Poland,IndividualGasBoiler,8250.0
Romania,IndividualGasBoiler,16560.0
Slovenia,IndividualGasBoiler,400.0
Slovakia,IndividualGasBoiler,8050.0
NO1,IndividualGasBoiler,0.0
NO2,IndividualGasBoiler,0.0
NO3,IndividualGasBoiler,0.0
NO4,IndividualGasBoiler,0.0
NO5,IndividualGasBoiler,0.0
Austria,DistrictHeatGeo,22.7
Belgium,DistrictHeatGeo,10.1
Bulgaria,DistrictHeatGeo,0.0
CzechR,DistrictHeatGeo,6.6
Germany,DistrictHeatGeo,183.0
France,DistrictHeatGeo,319.5
GreatBrit.,DistrictHeatGeo,2.8
Croatia,DistrictHeatGeo,0.0
Hungary,DistrictHeatGeo,198.3
Ireland,DistrictHeatGeo,0.0
Luxemb.,DistrictHeatGeo,0.0
Netherlands,DistrictHeatGeo,51.0
Poland,DistrictHeatGeo,101.9
Romania,DistrictHeatGeo,106.6
Slovenia,DistrictHeatGeo,3.7
Slovakia,DistrictHeatGeo,14.2
NO1,DistrictHeatGeo,0.0
NO2,DistrictHeatGeo,0.0
NO3,DistrictHeatGeo,0.0
NO4,DistrictHeatGeo,0.0
NO5,DistrictHeatGeo,0.0
Austria,WasteToEnergyHOP,0.0
Belgium,WasteToEnergyHOP,0.0
Bulgaria,WasteToEnergyHOP,0.0
CzechR,WasteToEnergyHOP,0.0
Germany,WasteToEnergyHOP,4251.72
France,WasteToEnergyHOP,0.0
GreatBrit.,WasteToEnergyHOP,0.0
Croatia,WasteToEnergyHOP,0.0
Hungary,WasteToEnergyHOP,140.0
Ireland,WasteToEnergyHOP,0.0
Luxemb.,WasteToEnergyHOP,67.0
Netherlands,WasteToEnergyHOP,0.0
Poland,WasteToEnergyHOP,9.0
Romania,WasteToEnergyHOP,0.0
Slovenia,WasteToEnergyHOP,13.0
Slovakia,WasteToEnergyHOP,12.0
NO1,WasteToEnergyHOP,0.0
NO2,WasteToEnergyHOP,0.0
NO3,WasteToEnergyHOP,0.0
NO4,WasteToEnergyHOP,0.0
NO5,WasteToEnergyHOP,0.0
Austria,DistrictHeatGasBoiler,0.0
Belgium,DistrictHeatGasBoiler,0.0
Bulgaria,DistrictHeatGasBoiler,0.0
CzechR,DistrictHeatGasBoiler,0.0
Germany,DistrictHeatGasBoiler,12948.42
France,DistrictHeatGasBoiler,0.0
GreatBrit.,DistrictHeatGasBoiler,0.0
Croatia,DistrictHeatGasBoiler,0.0
Hungary,DistrictHeatGasBoiler,0.0
Ireland,DistrictHeatGasBoiler,0.0
Luxemb.,DistrictHeatGasBoiler,20.0
Netherlands,DistrictHeatGasBoiler,0.0
Poland,DistrictHeatGasBoiler,0.0
Romania,DistrictHeatGasBoiler,0.0
Slovenia,DistrictHeatGasBoiler,0.0
Slovakia,DistrictHeatGasBoiler,0.0
NO1,DistrictHeatGasBoiler,0.0
NO2,DistrictHeatGasBoiler,0.0
NO3,DistrictHeatGasBoiler,0.0
NO4,DistrictHeatGasBoiler,0.0
NO5,DistrictHeatGasBoiler,0.0
Austria,BioWoodChipHOP,0.0
Belgium,BioWoodChipHOP,0.0
Bulgaria,BioWoodChipHOP,0.0
CzechR,BioWoodChipHOP,0.0
Germany,BioWoodChipHOP,193.26
France,BioWoodChipHOP,0.0
GreatBrit.,BioWoodChipHOP,0.0
Croatia,BioWoodChipHOP,0.0
Hungary,BioWoodChipHOP,0.0
Ireland,BioWoodChipHOP,0.0
Luxemb.,BioWoodChipHOP,1.6
Netherlands,BioWoodChipHOP,0.0
Poland,BioWoodChipHOP,0.0
Romania,BioWoodChipHOP,0.0
Slovenia,BioWoodChipHOP,0.0
Slovakia,BioWoodChipHOP,0.0
NO1,BioWoodChipHOP,0.0
NO2,BioWoodChipHOP,0.0
NO3,BioWoodChipHOP,0.0
NO4,BioWoodChipHOP,0.0
NO5,BioWoodChipHOP,0.0
Denmark,IndividualOilBoiler,3670.0
Denmark,IndividualGasBoiler,4820.0
Denmark,DistrictHeatGeo,33.2
Denmark,WasteToEnergyHOP,140.0
Denmark,DistrictHeatGasBoiler,4866.0
Denmark,BioWoodChipHOP,1305.0
Denmark,BioWoodChipCHP,6627.0
Sweden,IndividualOilBoiler,770.0
Sweden,IndividualGasBoiler,1010.0
Sweden,DistrictHeatGeo,33.0
Sweden,WasteToEnergyHOP,0.0
Sweden,DistrictHeatGasBoiler,0.0
Sweden,BioWoodChipHOP,0.0
Finland,IndividualOilBoiler,3790.0
Finland,IndividualGasBoiler,0.0
Finland,DistrictHeatGeo,0.0
Finland,WasteToEnergyHOP,218.0
Finland,DistrictHeatGasBoiler,5506.0
Finland,BioWoodChipHOP,2717.0
