Node,Period,Node.1,Period.1,MaxBiomethaneAvailability_[TJ].1,Available_Biomethane_[TJ],col6,col7,col8,col9,col10,col11,col12,col13,col14,col15,col16,col17,col18,col19,col20,col21,col22,col23
Austria,1,Austria,1,3639.87724227456,12528.888748288598,,,,,,,,,,,,,,,,,,
BosniaH,1,BosniaH,1,1213.29241409152,3023.6268130320286,,,,,,,,,,,,,,,,,,
Belgium,1,Belgium,1,3639.8772422745596,36182.95979787013,,,,,,,,,,,,,,,,,,
Bulgaria,1,Bulgaria,1,4246.523449320319,5726.719275068509,,,,,,,,,,,,,,,,,,
Switzerland,1,Switzerland,1,3639.87724227456,12084.450523887132,,,,,,https://www.europeanbiogas.eu/wp-content/uploads/2022/07/GfC_Biomethane-potentials_2022.pdf,,,,,,,,,,,,
CzechR,1,CzechR,1,4246.523449320319,30572.90671786737,,,,,,https://www.sciencedirect.com/science/article/pii/S0959652623000252#sec2,,,,,,,,,,,,
Germany,1,Germany,1,49744.98897775231,210231.42290671438,,,,,,,,,,,,,,,,,,
Denmark,1,Denmark,1,4853.16965636608,12271.162517370618,,,,,,,,,,,,,,,,,,
Estonia,1,Estonia,1,606.64620704576,1577.1148369343218,,,,,,,,,,,,,,,,,,
Spain,1,Spain,1,24872.494488876157,46433.14563616989,,,used,93.2878904017273,,TWh,,,,,,,,,,,,
Finland,1,Finland,1,4246.523449320319,7077.395633397936,,,total,173.5,,TWh,,,,,,,,,,,,
France,1,France,1,42465.23449320319,60806.420868270725,,,available,80.2121095982727,,TWh,,,,,,,,,,,,
GreatBrit.,1,GreatBrit.,1,27602.402420582075,108942.36265151393,,,,,,,,,,,,,,,2030,41.05000000000002,bcm,41
Greece,1,Greece,1,3033.2310352288,8206.406221102434,,,bcm,8.321717422299185,33.32,54.62625,75.9325,97.23875,118.545,118.545,,,,,2050,152.74999999999997,bcm,151
Croatia,1,Croatia,1,1213.29241409152,3436.3497455731026,,,powershare,,0.7,0.7,0.7,0.7,0.7,0.7,GJ/bcm,34700000,,449.65416666666664,,,,
Hungary,1,Hungary,1,6066.4620704576,18207.880943557484,,,,1.0,2.0,3,4.0,5.0,6.0,7.0,,,,,,,,
Ireland,1,Ireland,1,4246.523449320319,3568.9249672387346,,,GJ,2025.0,2030.0,2035,2040.0,2045.0,2050.0,2055.0,Country,AnaerobicDigestion(bcm/year),ThermalGasification(bcm/year),GJ,Country,AnaerobicDigestion(bcm/year),ThermalGasification(bcm/year),GJ
Italy,1,Italy,1,35185.48000865408,85992.00087853357,1.0,Austria,Austria,3639877.24227456,14574000.000000002,35220500,55867000.0,76513500.0,97160000.0,97160000.0,Germany,7.8,0.4,284540000,France,16.5,6,780750000
Lithuania,1,Lithuania,1,2123.2617246601594,6657.927632047889,1.0,Croatia,BosniaH,1213292.41409152,4858000.0,7894250,10930500.0,13966750.0,17003000.0,17003000.0,France,6.7,0.3,242900000,Germany,15,7,763400000
Luxemb.,1,Luxemb.,1,303.32310352288,4281.11905802649,1.0,Belgium,Belgium,3639877.2422745596,14574000.0,20039250,25504500.0,30969750.0,36435000.0,36435000.0,Italy,5.5,0.3,201260000,Spain,13.5,6.5,694000000
Latvia,1,Latvia,1,909.9693105686399,3556.1977459588293,1.0,Bulgaria,Bulgaria,4246523.449320319,17003000.0,34006000,51009000.0,68012000.0,85015000.0,85015000.0,Spain,3.8,0.3,142270000,Italy,8.5,5,468450000
Macedonia,1,Macedonia,1,3639.87724227456,1589.4103795256997,1.0,Switzerland,Switzerland,3639877.24227456,14574000.000000002,17003000,19432000.0,21861000.0,24290000.0,24290000.0,Poland,3.1,0.2,114510000.00000001,Poland,9,3.5,433750000
Netherlands,1,Netherlands,1,8189.723795117759,24674.90025640685,1.0,Czechia,CzechR,4246523.449320319,17003000.0,34006000,51009000.0,68012000.0,85015000.0,85015000.0,Romania,1.8,0.2,69400000,Sweden,1,9.5,364350000
NO1,1,NO1,1,545.981586341184,0.0,1.0,Germany,Germany,49744988.97775231,199178000.0,282978500,366779000.0,450579500.0,534379999.99999994,534379999.99999994,Netherlands,1.3,0.05,46845000,Romania,6,2.5,294950000
NO2,1,NO2,1,545.981586341184,0.0,1.0,Denmark,Denmark,4853169.65636608,19432000.0,29755250,40078500.0,50401750.0,60724999.99999999,60724999.99999999,Sweden,0.7,0.45,39905000,Finland,1,5,208200000
NO3,1,NO3,1,545.981586341184,0.0,1.0,Estonia,Estonia,606646.20704576,2429000.0,4858000,7287000.0,9716000.0,12145000.0,12145000.0,Hungary,1,0,34700000,Hungary,3,1,138800000
NO4,1,NO4,1,545.981586341184,0.0,1.0,Spain,Spain,24872494.488876157,99589000.0,196141750,292694500.0,389247250.0,485799999.99999994,485799999.99999994,Denmark,0.8,0,27760000,Austria,1,3,138800000
NO5,1,NO5,1,545.981586341184,0.0,1.0,Finland,Finland,4246523.449320319,17003000.0,49187250,81371500.0,113555750.0,145740000.0,145740000.0,Finland,0.5,0.2,24290000,Portugal,1.5,2,121450000
Poland,1,Poland,1,20019.32483251008,33828.423861088544,1.0,France,France,42465234.49320319,170030000.0,264153750,358277500.0,452401250.0,546525000.0,546525000.0,Czechia,0.6,0.1,24290000,Czechia,2,1.5,121450000
Portugal,1,Portugal,1,3639.8772422745596,5423.387167897552,1.0,UnitedKingdom,GreatBrit.,27602402.420582075,110519500.0,155759625,200999750.0,246239875.0,291480000.0,291480000.0,Ireland,0.7,0,24290000,Bulgaria,2,1.5,121450000
Romania,1,Romania,1,12132.9241409152,6155.732692378478,1.0,Greece,Greece,3033231.0352288,12145000.0,27326250,42507500.0,57688750.0,72870000.0,72870000.0,Bulgaria,0.6,0.1,24290000,Netherlands,2.5,1,121450000
Serbia,1,Serbia,1,1213.29241409152,6029.700748972993,1.0,Croatia,Croatia,1213292.41409152,4858000.0,7894250,10930500.0,13966750.0,17003000.0,17003000.0,Portugal,0.5,0.1,20820000,Greece,2,1,104100000
Sweden,1,Sweden,1,6976.431381026239,11782.75540075444,1.0,Hungary,Hungary,6066462.0704576,24290000.0,42507500,60725000.0,78942500.0,97160000.0,97160000.0,Belgium,0.6,0,20820000,Denmark,2,0.5,86750000
Slovenia,1,Slovenia,1,606.64620704576,3558.3189495054817,1.0,Ireland,Ireland,4246523.449320319,17003000.0,26719000,36435000.0,46151000.0,55867000.0,55867000.0,Austria,0.4,0.2,20820000.000000004,Ireland,1.3,1,79810000
Slovakia,1,Slovakia,1,1516.6155176144,9210.265799554572,1.0,Italy,Italy,35185480.00865408,140882000.0,187640250,234398500.0,281156750.0,327915000.0,327915000.0,Greece,0.5,0,17350000,Belgium,1,0.5,52050000
Austria,2,Austria,2,14574.000000000002,17057.81230795168,1.0,Lithuania,Lithuania,2123261.7246601596,8501500.0,12448625,16395750.0,20342875.0,24290000.0,24290000.0,Lithuania,0.35,0,12145000,Latvia,0,1.5,52050000
BosniaH,2,BosniaH,2,4858.0,3828.016619324947,1.0,Luxembourg,Luxemb.,303323.10352288,1214500.0,2125375,3036250.0,3947125.0,4858000.0,4858000.0,Slovakia,0.25,0,8675000,Slovakia,1,0.25,43375000
Belgium,2,Belgium,2,14574.0,54678.39710966245,1.0,Latvia,Latvia,909969.3105686399,3643500.0,11841375,20039250.0,28237125.0,36435000.0,36435000.0,Croatia,0.2,0,6940000,Lithuania,0.5,0.5,34700000
Bulgaria,2,Bulgaria,2,17003.0,8457.631379300765,1.0,Switzerland,Macedonia,3639877.24227456,14574000.000000002,17003000,19432000.0,21861000.0,24290000.0,24290000.0,Latvia,0.15,0,5205000,Croatia,0.5,0.2,24290000
Switzerland,2,Switzerland,2,14574.000000000002,16452.71923332802,1.0,Netherlands,Netherlands,8189723.795117759,32791499.999999996,45847375,58903250.0,71959125.0,85015000.0,85015000.0,Estonia,0.1,0,3470000,Slovenia,0.5,0,17350000
CzechR,2,CzechR,2,17003.0,40835.81765669613,0.2,Norway,NO1,545981.586341184,2186100.0,3461325,4736550.0,6011775.0,7287000.0,7287000.0,Slovenia,0.1,0,3470000,Estonia,0.5,0,17350000
Germany,2,Germany,2,199178.0,230783.55498898283,0.2,Norway,NO2,545981.586341184,2186100.0,3461325,4736550.0,6011775.0,7287000.0,7287000.0,Cyprus,0.05,0,1735000,Cyprus,0.2,0.1,10410000.000000002
Denmark,2,Denmark,2,19432.0,14134.62089984926,0.2,Norway,NO3,545981.586341184,2186100.0,3461325,4736550.0,6011775.0,7287000.0,7287000.0,Luxembourg,0.05,0,1735000,Luxembourg,0.2,0,6940000
Estonia,2,Estonia,2,2429.0,2332.16616615391,0.2,Norway,NO4,545981.586341184,2186100.0,3461325,4736550.0,6011775.0,7287000.0,7287000.0,Malta,0,0,0,Malta,0,0,0
Spain,2,Spain,2,99589.0,70254.2494922272,0.2,Norway,NO5,545981.586341184,2186100.0,3461325,4736550.0,6011775.0,7287000.0,7287000.0,UnitedKingdom,4.1,0.45,157885000,UnitedKingdom,6,6,416400000
Finland,2,Finland,2,17003.0,8717.738024543569,1.0,Poland,Poland,20019324.83251008,80157000.0,136024000,191891000.0,247758000.0,303625000.0,303625000.0,Switzerland,0.55,0.05,20820000.000000004,Norway,0.5,1,52050000
France,2,France,2,170030.0,83758.96800030519,1.0,Portugal,Portugal,3639877.2422745596,14574000.0,32184250,49794500.0,67404750.0,85015000.0,85015000.0,Norway,0.4,0.05,15615000,Switzerland,0.5,0.5,34700000
GreatBrit.,2,GreatBrit.,2,110519.5,136137.13374545387,1.0,Romania,Romania,12132924.1409152,48580000.0,88051250,127522500.0,166993750.0,206465000.0,206465000.0,,,,,,,,
Greece,2,Greece,2,12145.0,11397.02159982934,1.0,Croatia,Serbia,1213292.41409152,4858000.0,7894250,10930500.0,13966750.0,17003000.0,17003000.0,,,,,,,,
Croatia,2,Croatia,2,4858.0,4350.53819445262,1.0,Sweden,Sweden,6976431.381026239,27933500.0,84711375,141489250.0,198267125.0,255044999.99999997,255044999.99999997,,,,,,,,
Hungary,2,Hungary,2,24290.0,27878.15618540996,1.0,Slovenia,Slovenia,606646.20704576,2429000.0,4858000,7287000.0,9716000.0,12145000.0,12145000.0,,,,,,,,
Ireland,2,Ireland,2,17003.0,5017.003619985787,1.0,Slovakia,Slovakia,1516615.5176144,6072500.0,12145000,18217500.0,24290000.0,30362499.999999996,30362499.999999996,,,,,,,,
Italy,2,Italy,2,140882.0,109602.09052177814,,,Total,288763594.5537817,1156204000.0,,,,0.0,0.0,,,,,,,,
Lithuania,2,Lithuania,2,8501.5,10115.001302102344,,,,,,,,,,,,,,,,,,
Luxemb.,2,Luxemb.,2,1214.5,6598.933359202708,,,,,,,,,,,,,,,,,,
Latvia,2,Latvia,2,3643.5,4566.213811326548,,,,,,,,,,,,,,,,,,
Macedonia,2,Macedonia,2,14574.000000000002,2207.3662865806655,,,,,,,,,,,,,,,,,,
Netherlands,2,Netherlands,2,32791.49999999999,34531.239860437236,,,,,,,,,,,,,,,,,,
NO1,2,NO1,2,2186.1,0.0,,,,,,,,,,,,,,,,,,
NO2,2,NO2,2,2186.1,0.0,,,,,,,,,,,,,,,,,,
NO3,2,NO3,2,2186.1,0.0,,,,,,,,,,,,,,,,,,
NO4,2,NO4,2,2186.1,0.0,,,,,,,,,,,,,,,,,,
NO5,2,NO5,2,2186.1,0.0,,,,,,,,,,,,,,,,,,
Poland,2,Poland,2,80157.0,49978.4273900171,,,,,,,,,,,,,,,,,,
Portugal,2,Portugal,2,14574.0,7565.771049437977,,,,,,,,,,,,,,,,,,
Romania,2,Romania,2,48580.0,9586.457193797567,,,,,,,,,,,,,,,,,,
Serbia,2,Serbia,2,4858.0,7633.810686272739,,,,,,,,,,,,,,,,,,
Sweden,2,Sweden,2,27933.5,16330.2542184113,,,,,,,,,,,,,,,,,,
Slovenia,2,Slovenia,2,2429.0,5382.633957604679,,,,,,,,,,,,,,,,,,
Slovakia,2,Slovakia,2,6072.5,12752.167965080112,,,,,,,,,,,,,,,,,,
Austria,3,Austria,3,35220.5,30784.902473588696,,,,,,,,,,,,,,,,,,
BosniaH,3,BosniaH,3,7894.25,6662.895003699139,,,,,,,,,,,,,,,,,,
Belgium,3,Belgium,3,20039.25,103291.01237050384,,,,,,,,,,,,,,,,,,
Bulgaria,3,Bulgaria,3,34006.0,15826.387689023592,,,,,,,,,,,,,,,,,,
Switzerland,3,Switzerland,3,17003.0,29692.867284466014,,,,,,,,,,,,,,,,,,
CzechR,3,CzechR,3,34006.0,73026.71071141677,,,,,,,,,,,,,,,,,,
Germany,3,Germany,3,282978.5,369305.73576350324,,,,,,,,,,,,,,,,,,
Denmark,3,Denmark,3,29755.25,23319.474500817698,,,,,,,,,,,,,,,,,,
Estonia,3,Estonia,3,4858.0,4366.40872044831,,,,,,,,,,,,,,,,,,
Spain,3,Spain,3,196141.75,132780.86653694382,,,,,,,,,,,,,,,,,,
Finland,3,Finland,3,49187.25,14951.753735026126,,,,,,,,,,,,,,,,,,
France,3,France,3,264153.75,151990.8521997945,,,,,,,,,,,,,,,,,,
GreatBrit.,3,GreatBrit.,3,155759.625,235318.3292042847,,,,,,,,,,,,,,,,,,
Greece,3,Greece,3,27326.25,20759.495289012062,,,,,,,,,,,,,,,,,,
Croatia,3,Croatia,3,7894.25,7572.37548366036,,,,,,,,,,,,,,,,,,
Hungary,3,Hungary,3,42507.5,52942.0910945686,,,,,,,,,,,,,,,,,,
Ireland,3,Ireland,3,26719.0,9188.88096434435,,,,,,,,,,,,,,,,,,
Italy,3,Italy,3,187640.25,191440.3469780228,,,,,,,,,,,,,,,,,,
Lithuania,3,Lithuania,3,12448.625,19149.13621699988,,,,,,,,,,,,,,,,,,
Luxemb.,3,Luxemb.,3,2125.375,12565.103247765319,,,,,,,,,,,,,,,,,,
Latvia,3,Latvia,3,11841.375,8006.311935889599,,,,,,,,,,,,,,,,,,
Macedonia,3,Macedonia,3,17003.0,4020.682914918889,,,,,,,,,,,,,,,,,,
Netherlands,3,Netherlands,3,45847.375,63117.47065073721,,,,,,,,,,,,,,,,,,
NO1,3,NO1,3,3461.325,0.0,,,,,,,,,,,,,,,,,,
NO2,3,NO2,3,3461.325,0.0,,,,,,,,,,,,,,,,,,
NO3,3,NO3,3,3461.325,0.0,,,,,,,,,,,,,,,,,,
NO4,3,NO4,3,3461.325,0.0,,,,,,,,,,,,,,,,,,
NO5,3,NO5,3,3461.325,0.0,,,,,,,,,,,,,,,,,,
Poland,3,Poland,3,136024.0,93536.66180835366,,,,,,,,,,,,,,,,,,
Portugal,3,Portugal,3,32184.25,13809.13636293809,,,,,,,,,,,,,,,,,,
Romania,3,Romania,3,88051.25,18327.361377579928,,,,,,,,,,,,,,,,,,
Serbia,3,Serbia,3,7894.25,13287.110307718898,,,,,,,,,,,,,,,,,,
Sweden,3,Sweden,3,84711.375,29717.271287296648,,,,,,,,,,,,,,,,,,
Slovenia,3,Slovenia,3,4858.0,10172.306351832709,,,,,,,,,,,,,,,,,,
Slovakia,3,Slovakia,3,12145.0,23195.317045647294,,,,,,,,,,,,,,,,,,
Austria,4,Austria,4,55867.0,44747.256189754975,,,,,,,,,,,,,,,,,,
BosniaH,4,BosniaH,4,10930.5,9476.95319681486,,,,,,,,,,,,,,,,,,
Belgium,4,Belgium,4,25504.5,154039.36929646827,,,,,,,,,,,,,,,,,,
Bulgaria,4,Bulgaria,4,51009.0,23480.36577876712,,,,,,,,,,,,,,,,,,
Switzerland,4,Switzerland,4,19432.0,43159.93336429454,,,,,,,,,,,,,,,,,,
CzechR,4,CzechR,4,51009.0,105579.66543527506,,,,,,,,,,,,,,,,,,
Germany,4,Germany,4,366779.0,496867.97501383227,,,,,,,,,,,,,,,,,,
Denmark,4,Denmark,4,40078.5,32043.094883496913,,,,,,,,,,,,,,,,,,
Estonia,4,Estonia,4,7287.0,6479.998610206951,,,,,,,,,,,,,,,,,,
Spain,4,Spain,4,292694.5,203650.39808184377,,,,,,,,,,,,,,,,,,
Finland,4,Finland,4,81371.5,21071.833194670133,,,,,,,,,,,,,,,,,,
France,4,France,4,358277.5,221625.9880215115,,,,,,,,,,,,,,,,,,
GreatBrit.,4,GreatBrit.,4,200999.75,333268.6819306621,,,,,,,,,,,,,,,,,,
Greece,4,Greece,4,42507.5,34239.408919315116,,,,,,,,,,,,,,,,,,
Croatia,4,Croatia,4,10930.5,10770.550640152027,,,,,,,,,,,,,,,,,,
Hungary,4,Hungary,4,60725.0,79178.38851505464,,,,,,,,,,,,,,,,,,
Ireland,4,Ireland,4,36435.0,13470.25559063633,,,,,,,,,,,,,,,,,,
Italy,4,Italy,4,234398.5,272883.63217039243,,,,,,,,,,,,,,,,,,
Lithuania,4,Lithuania,4,16395.75,32353.861792723117,,,,,,,,,,,,,,,,,,
Luxemb.,4,Luxemb.,4,3036.25,22535.99461695246,,,,,,,,,,,,,,,,,,
Latvia,4,Latvia,4,20039.25,11439.116316371437,,,,,,,,,,,,,,,,,,
Macedonia,4,Macedonia,4,19432.0,6631.462111300837,,,,,,,,,,,,,,,,,,
Netherlands,4,Netherlands,4,58903.25,92418.95716618639,,,,,,,,,,,,,,,,,,
NO1,4,NO1,4,4736.55,0.0,,,,,,,,,,,,,,,,,,
NO2,4,NO2,4,4736.55,0.0,,,,,,,,,,,,,,,,,,
NO3,4,NO3,4,4736.55,0.0,,,,,,,,,,,,,,,,,,
NO4,4,NO4,4,4736.55,0.0,,,,,,,,,,,,,,,,,,
NO5,4,NO5,4,4736.55,46.64507785522928,,,,,,,,,,,,,,,,,,
Poland,4,Poland,4,191891.0,138784.62286814273,,,,,,,,,,,,,,,,,,
Portugal,4,Portugal,4,49794.5,21979.156772546557,,,,,,,,,,,,,,,,,,
Romania,4,Romania,4,127522.5,27508.014604110067,,,,,,,,,,,,,,,,,,
Serbia,4,Serbia,4,10930.5,18898.890412839864,,,,,,,,,,,,,,,,,,
Sweden,4,Sweden,4,141489.25,43822.11062197465,,,,,,,,,,,,,,,,,,
Slovenia,4,Slovenia,4,7287.0,16029.237625199457,,,,,,,,,,,,,,,,,,
Slovakia,4,Slovakia,4,18217.5,33868.57600577465,,,,,,,,,,,,,,,,,,
Austria,5,Austria,5,76513.5,58828.85641703039,,,,,,,,,,,,,,,,,,
BosniaH,5,BosniaH,5,13966.75,12280.458394523463,,,,,,,,,,,,,,,,,,
Belgium,5,Belgium,5,30969.75,236833.9856079225,,,,,,,,,,,,,,,,,,
Bulgaria,5,Bulgaria,5,68012.0,31278.912383621868,,,,,,,,,,,,,,,,,,
Switzerland,5,Switzerland,5,21861.0,56742.01591466533,,,,,,,,,,,,,,,,,,
CzechR,5,CzechR,5,68012.0,141913.88459685317,,,,,,,,,,,,,,,,,,
Germany,5,Germany,5,450579.5,618875.0197353885,,,,,,,,,,,,,,,,,,
Denmark,5,Denmark,5,50401.75,40532.93297408333,,,,,,,,,,,,,,,,,,
Estonia,5,Estonia,5,9716.0,8633.806769640729,,,,,,,,,,,,,,,,,,
Spain,5,Spain,5,389247.25,323036.14740696625,,,,,,,,,,,,,,,,,,
Finland,5,Finland,5,113555.75,27134.162525274667,,,,,,,,,,,,,,,,,,
France,5,France,5,452401.25,291972.38089848607,,,,,,,,,,,,,,,,,,
GreatBrit.,5,GreatBrit.,5,246239.875,430595.16537835676,,,,,,,,,,,,,,,,,,
Greece,5,Greece,5,57688.75,50133.64624350519,,,,,,,,,,,,,,,,,,
Croatia,5,Croatia,5,13966.75,13956.732324788647,,,,,,,,,,,,,,,,,,
Hungary,5,Hungary,5,78942.5,107777.34912506888,,,,,,,,,,,,,,,,,,
Ireland,5,Ireland,5,46151.0,18367.557177980616,,,,,,,,,,,,,,,,,,
Italy,5,Italy,5,281156.75,354126.72083805833,,,,,,,,,,,,,,,,,,
Lithuania,5,Lithuania,5,20342.875,46518.597194910355,,,,,,,,,,,,,,,,,,
Luxemb.,5,Luxemb.,5,3947.125,33798.7386587212,,,,,,,,,,,,,,,,,,
Latvia,5,Latvia,5,28237.125,14868.223764061733,,,,,,,,,,,,,,,,,,
Macedonia,5,Macedonia,5,21861.0,9709.845644491175,,,,,,,,,,,,,,,,,,
Netherlands,5,Netherlands,5,71959.125,122082.98071545576,,,,,,,,,,,,,,,,,,
NO1,5,NO1,5,6011.775,0.0,,,,,,,,,,,,,,,,,,
NO2,5,NO2,5,6011.775,0.0,,,,,,,,,,,,,,,,,,
NO3,5,NO3,5,6011.775,0.0,,,,,,,,,,,,,,,,,,
NO4,5,NO4,5,6011.775,0.0,,,,,,,,,,,,,,,,,,
NO5,5,NO5,5,6011.775,51.14129146649652,,,,,,,,,,,,,,,,,,
Poland,5,Poland,5,247758.0,198557.27857259836,,,,,,,,,,,,,,,,,,
Portugal,5,Portugal,5,67404.75,33947.81583602285,,,,,,,,,,,,,,,,,,
Romania,5,Romania,5,166993.75,36911.5605779157,,,,,,,,,,,,,,,,,,
Serbia,5,Serbia,5,13966.75,24489.625789809874,,,,,,,,,,,,,,,,,,
Sweden,5,Sweden,5,198267.125,59116.44472941028,,,,,,,,,,,,,,,,,,
Slovenia,5,Slovenia,5,9716.0,23595.60167450502,,,,,,,,,,,,,,,,,,
Slovakia,5,Slovakia,5,24290.0,49723.722261209914,,,,,,,,,,,,,,,,,,
Austria,6,Austria,6,97160.0,84124.8,,,,,,,,,,,,,,,,,,
BosniaH,6,BosniaH,6,17003.0,20570.53627234876,,,,,,,,,,,,,,,,,,
Belgium,6,Belgium,6,36435.0,336018.60000000003,,,,,,,,,,,,,,,,,,
Bulgaria,6,Bulgaria,6,85015.0,40017.6,,,,,,,,,,,,,,,,,,
Switzerland,6,Switzerland,6,24290.0,81140.63456511765,,,,,,,,,,,,,,,,,,
CzechR,6,CzechR,6,85015.0,200082.6,,,,,,,,,,,,,,,,,,
Germany,6,Germany,6,534379.9999999999,906726.6000000001,,,,,,,,,,,,,,,,,,
Denmark,6,Denmark,6,60724.99999999999,57479.399999999994,,,,,,,,,,,,,,,,,,
Estonia,6,Estonia,6,12145.0,9028.800000000001,,,,,,,,,,,,,,,,,,
Spain,6,Spain,6,485799.99999999994,443169.0,,,,,,,,,,,,,,,,,,
Finland,6,Finland,6,145740.0,12628.799999999996,,,,,,,,,,,,,,,,,,
France,6,France,6,546525.0,397850.39999999997,,,,,,,,,,,,,,,,,,
GreatBrit.,6,GreatBrit.,6,291480.0,666561.6,,,,,,,,,,,,,,,,,,
Greece,6,Greece,6,72870.0,66058.2,,,,,,,,,,,,,,,,,,
Croatia,6,Croatia,6,17003.0,23378.399999999998,,,,,,,,,,,,,,,,,,
Hungary,6,Hungary,6,97160.0,165603.60000000003,,,,,,,,,,,,,,,,,,
Ireland,6,Ireland,6,55867.0,29764.800000000003,,,,,,,,,,,,,,,,,,
Italy,6,Italy,6,327915.0,484070.4,,,,,,,,,,,,,,,,,,
Lithuania,6,Lithuania,6,24290.0,60735.60000000001,,,,,,,,,,,,,,,,,,
Luxemb.,6,Luxemb.,6,4858.0,45223.2,,,,,,,,,,,,,,,,,,
Latvia,6,Latvia,6,36435.0,19769.4,,,,,,,,,,,,,,,,,,
Macedonia,6,Macedonia,6,24290.0,12794.100840730733,,,,,,,,,,,,,,,,,,
Netherlands,6,Netherlands,6,85015.0,195211.8,,,,,,,,,,,,,,,,,,
NO1,6,NO1,6,7287.0,0.0,,,,,,,,,,,,,,,,,,
NO2,6,NO2,6,7287.0,0.0,,,,,,,,,,,,,,,,,,
NO3,6,NO3,6,7287.0,0.0,,,,,,,,,,,,,,,,,,
NO4,6,NO4,6,7287.0,0.0,,,,,,,,,,,,,,,,,,
NO5,6,NO5,6,7287.0,0.0,,,,,,,,,,,,,,,,,,
Poland,6,Poland,6,303625.0,286119.0,,,,,,,,,,,,,,,,,,
Portugal,6,Portugal,6,85015.0,45982.799999999996,,,,,,,,,,,,,,,,,,
Romania,6,Romania,6,206465.0,46823.4,,,,,,,,,,,,,,,,,,
Serbia,6,Serbia,6,17003.0,41021.655659872464,,,,,,,,,,,,,,,,,,
Sweden,6,Sweden,6,255044.99999999997,73389.6,,,,,,,,,,,,,,,,,,
Slovenia,6,Slovenia,6,12145.0,31321.8,,,,,,,,,,,,,,,,,,
Slovakia,6,Slovakia,6,30362.499999999996,76125.6,,,,,,,,,,,,,,,,,,
Austria,7,Austria,7,97160.0,104339.57654709945,,,,,,,,,,,,,,,,,,
BosniaH,7,BosniaH,7,17003.0,24566.852837605646,,,,,,,,,,,,,,,,,,
Belgium,7,Belgium,7,36435.0,410954.2346307851,,,,,,,,,,,,,,,,,,
Bulgaria,7,Bulgaria,7,85015.0,51277.439451968756,,,,,,,,,,,,,,,,,,
Switzerland,7,Switzerland,7,24290.0,100638.33080479615,,,,,,,,,,,,,,,,,,
CzechR,7,CzechR,7,85015.0,247000.11998451364,,,,,,,,,,,,,,,,,,
Germany,7,Germany,7,534379.9999999999,1076447.428949445,,,,,,,,,,,,,,,,,,
Denmark,7,Denmark,7,60724.99999999999,69415.21003702382,,,,,,,,,,,,,,,,,,
Estonia,7,Estonia,7,12145.0,12138.790329084672,,,,,,,,,,,,,,,,,,
Spain,7,Spain,7,485799.99999999994,539596.2839923152,,,,,,,,,,,,,,,,,,
Finland,7,Finland,7,145740.0,21241.710678179043,,,,,,,,,,,,,,,,,,
France,7,France,7,546525.0,498930.99871644843,,,,,,,,,,,,,,,,,,
GreatBrit.,7,GreatBrit.,7,291480.0,805085.6494594902,,,,,,,,,,,,,,,,,,
Greece,7,Greece,7,72870.0,79984.12543947696,,,,,,,,,,,,,,,,,,
Croatia,7,Croatia,7,17003.0,27920.210964587644,,,,,,,,,,,,,,,,,,
Hungary,7,Hungary,7,97160.0,204422.29468063856,,,,,,,,,,,,,,,,,,
Ireland,7,Ireland,7,55867.0,36006.042293474435,,,,,,,,,,,,,,,,,,
Italy,7,Italy,7,327915.0,599967.0845170596,,,,,,,,,,,,,,,,,,
Lithuania,7,Lithuania,7,24290.0,74688.69496382479,,,,,,,,,,,,,,,,,,
Luxemb.,7,Luxemb.,7,4858.0,54485.21999895454,,,,,,,,,,,,,,,,,,
Latvia,7,Latvia,7,36435.0,24665.080337054664,,,,,,,,,,,,,,,,,,
Macedonia,7,Macedonia,7,24290.0,15491.263257707971,,,,,,,,,,,,,,,,,,
Netherlands,7,Netherlands,7,85015.0,237887.54183506317,,,,,,,,,,,,,,,,,,
NO1,7,NO1,7,7287.0,0.0,,,,,,,,,,,,,,,,,,
NO2,7,NO2,7,7287.0,0.0,,,,,,,,,,,,,,,,,,
NO3,7,NO3,7,7287.0,0.0,,,,,,,,,,,,,,,,,,
NO4,7,NO4,7,7287.0,0.0,,,,,,,,,,,,,,,,,,
NO5,7,NO5,7,7287.0,0.0,,,,,,,,,,,,,,,,,,
Poland,7,Poland,7,303625.0,352687.7932578093,,,,,,,,,,,,,,,,,,
Portugal,7,Portugal,7,85015.0,55289.36349933609,,,,,,,,,,,,,,,,,,
Romania,7,Romania,7,206465.0,60440.59917440614,,,,,,,,,,,,,,,,,,
Serbia,7,Serbia,7,17003.0,48991.089216555025,,,,,,,,,,,,,,,,,,
Sweden,7,Sweden,7,255044.99999999997,93281.77284314556,,,,,,,,,,,,,,,,,,
Slovenia,7,Slovenia,7,12145.0,38707.746660543395,,,,,,,,,,,,,,,,,,
Slovakia,7,Slovakia,7,30362.499999999996,91635.78675827417,,,,,,,,,,,,,,,,,,
